route_code,breakeven_flights
SEA-PSC,3123.857340157698
HNL-LIH,3684.099498882311
LIH-HNL,3768.819694181474
HNL-ITO,4660.316189618799
KOA-HNL,4695.772902657186
