route_code,total_revenue,total_cost,total_profit,num_flights,round_trips,avg_dep_delay
OGG-HNL,57335940.0,40830420.0,16505520.0,2395,1197,7.1655629139072845
HNL-LIH,38101490.0,26716220.400000002,11385269.599999998,1570,785,8.167441860465116
LIH-HNL,37900950.0,26765349.96,11135600.039999997,1568,784,9.768774703557312
KOA-HNL,36297370.0,27469854.12,8827515.879999999,1509,754,9.48576512455516
HNL-KOA,36039110.0,27348654.12,8690455.879999999,1509,754,7.482872928176795
